{"IcoMoonType":"selection","icons":[{"icon":{"paths":["M576.003 0c-156.022 3.349-304.356 70.127-412.376 185.643s-166.876 270.31-163.624 430.333c-0.498 141.477 45.496 279 130.56 390.38 12.749-107.68 113.357-198.816 254.515-242.291 24.554 25.805 53.84 46.381 86.173 60.544s67.078 21.626 102.234 21.971c35.156 0.346 70.034-6.438 102.623-19.968 32.595-13.523 62.253-33.523 87.283-58.848 142.31 47.264 240.768 143.36 243.994 255.526 93.786-113.882 145.037-258.246 144.614-407.314 3.258-160.022-55.603-314.817-163.622-430.333s-256.352-182.294-412.374-185.643v0zM576.003 773.83c-36.027-0.192-71.328-10.4-102.144-29.542-39.529-26.272-71.801-62.534-93.711-105.297-21.911-42.765-32.723-90.594-31.396-138.885-4.6-66.982 16.643-133.136 59.152-184.204s102.878-82.963 168.099-88.81c65.309 5.845 125.75 37.806 168.272 88.979s63.706 117.448 58.976 184.508c1.357 48.932-9.792 97.377-32.346 140.516-22.56 43.142-55.725 79.482-96.218 105.402-29.984 17.869-64.007 27.373-98.685 27.571v-0.237z"],"attrs":[{}],"width":1152,"isMulticolor":false,"isMulticolor2":false,"grid":0,"tags":["enter"]},"attrs":[{}],"properties":{"order":17,"id":4,"name":"enter","prevSize":32,"code":59648},"setIdx":0,"setId":3,"iconIdx":0},{"icon":{"paths":["M590.601 561.494l-507.051 434.687c19.194 17.92 44.484 27.861 70.742 27.819h1227.349c26.18 0.034 51.379-9.916 70.485-27.819l-506.795-434.687-177.323 155.307-177.408-155.307zM1381.641 0.001h-1227.349c-26.241-0.057-51.502 9.962-70.571 27.989l684.288 586.411 684.373-586.667c-19.191-17.915-44.493-27.834-70.741-27.733zM51.208 940.544l494.934-420.522-494.934-430.165v850.687zM1484.809 940.544v-851.028l-494.933 430.507 494.933 420.522z"],"attrs":[{}],"width":1536,"isMulticolor":false,"isMulticolor2":false,"grid":0,"tags":["mail"]},"attrs":[{}],"properties":{"order":18,"id":3,"name":"mail","prevSize":32,"code":59649},"setIdx":0,"setId":3,"iconIdx":1},{"icon":{"paths":["M68.267 0h750.933c37.703 0 68.267 30.564 68.267 68.267v887.467c0 37.703-30.564 68.267-68.267 68.267h-750.933c-37.703 0-68.267-30.564-68.267-68.267v-887.467c0-37.703 30.564-68.267 68.267-68.267z"],"attrs":[{"fill":"none","strokeLinejoin":"miter","strokeLinecap":"butt","strokeMiterlimit":"4","strokeWidth":273.06666666666666}],"width":887,"isMulticolor":false,"isMulticolor2":false,"grid":0,"tags":["mobile"]},"attrs":[{"fill":"none","strokeLinejoin":"miter","strokeLinecap":"butt","strokeMiterlimit":"4","strokeWidth":273.06666666666666}],"properties":{"order":19,"id":2,"name":"mobile","prevSize":32,"code":59650},"setIdx":0,"setId":3,"iconIdx":2},{"icon":{"paths":["M898.231 438.857c-66.711 0-130.689-26.972-177.863-74.981-47.169-48.009-73.669-113.123-73.669-181.019 0-8.324 1.644-16.187 2.404-24.305-36.212-8.010-73.167-12.054-110.227-12.061-145.92 3.177-284.632 65.185-385.655 172.398s-156.092 250.86-153.106 399.372c-0.176 107.833 28.876 213.628 83.961 305.739h55.222c23.438-41.995 55.168-78.595 93.191-107.488 38.023-28.898 81.514-49.47 127.733-60.411 22.976 23.962 50.38 43.067 80.635 56.223 30.255 13.15 62.766 20.087 95.663 20.405 32.898 0.323 65.531-5.972 96.030-18.529s58.26-31.124 81.683-54.633c44.204 11.555 85.66 32.078 121.883 60.335 36.223 28.252 66.463 63.66 88.916 104.098h68.683c54.342-91.217 83.337-195.73 83.898-302.398 0.561-106.674-27.335-211.497-80.713-303.298-31.183 13.578-64.755 20.571-98.67 20.553v0zM631.237 839.481c-28.553 17.052-61.117 25.88-94.221 25.551-33.102-0.329-65.494-9.803-93.715-27.416-36.964-24.377-67.149-58.018-87.654-97.69-20.505-39.677-30.642-84.049-29.438-128.862-4.42-62.27 15.409-123.815 55.203-171.331s96.358-77.191 157.471-82.613c61.111 5.43 117.674 35.106 157.464 82.621 39.796 47.514 59.629 109.053 55.215 171.323 1.277 45.449-9.162 90.446-30.267 130.522-21.111 40.071-52.159 73.82-90.058 97.894v0zM916.254 164.513v-164.513h-54.013v164.513h-162.040v54.974h162.045v164.923h54.013v-164.923h161.636v-54.974h-161.641z"],"attrs":[{}],"width":1078,"isMulticolor":false,"isMulticolor2":false,"grid":0,"tags":["plus"]},"attrs":[{}],"properties":{"order":20,"id":1,"name":"plus","prevSize":32,"code":59651},"setIdx":0,"setId":3,"iconIdx":3},{"icon":{"paths":["M849.294 863.346l-73.33-121.97c-33.832-56.303-51.706-120.747-51.712-186.427v-106.894c-0.119-64.257-20.952-126.762-59.398-178.246-38.451-51.484-92.467-89.203-154.047-107.564v-76.516c0-22.632-8.991-44.337-24.994-60.34s-37.708-24.994-60.34-24.994c-22.632 0-44.337 8.99-60.34 24.994s-24.994 37.708-24.994 60.34v76.516c-61.588 18.35-115.62 56.066-154.080 107.55s-59.299 113.996-59.424 178.26v106.837c-0.020 65.663-17.896 130.084-51.712 186.37l-73.273 122.027c-1.923 3.237-2.957 6.923-2.998 10.689s0.914 7.475 2.767 10.758c1.853 3.277 4.539 6.007 7.786 7.913 3.247 1.911 6.94 2.93 10.707 2.953h811.063c3.772-0.006 7.475-1.001 10.729-2.901 3.26-1.894 5.956-4.619 7.817-7.902 1.86-3.277 2.822-6.986 2.782-10.758-0.040-3.766-1.075-7.458-3.009-10.695v0zM290.989 938.268c12.011 25.498 31.028 47.058 54.831 62.157s51.41 23.12 79.598 23.12c28.188 0 55.795-8.021 79.597-23.12s42.82-36.659 54.831-62.157h-268.857z"],"attrs":[{"fill":"rgb(217, 63, 55)"}],"width":853,"isMulticolor":false,"isMulticolor2":false,"grid":0,"tags":["attention"]},"attrs":[{"fill":"rgb(217, 63, 55)"}],"properties":{"order":21,"id":0,"name":"attention","prevSize":32,"code":59652},"setIdx":0,"setId":3,"iconIdx":4}],"height":1024,"metadata":{"name":"icomoon"},"preferences":{"showGlyphs":true,"showQuickUse":true,"showQuickUse2":true,"showSVGs":true,"fontPref":{"prefix":"icon-","metadata":{"fontFamily":"icomoon"},"metrics":{"emSize":1024,"baseline":6.25,"whitespace":50},"embed":false},"imagePref":{"prefix":"icon-","png":true,"useClassSelector":true,"color":0,"bgColor":16777215,"classSelector":".icon","name":"icomoon"},"historySize":50,"showCodes":true,"gridSize":16,"showLiga":false}}